BDC,Ticker,borrower_clean_name,portfolio_company,industry,investment_scope,amount_unit,q4_report_period,q4_par_or_principal_mm,q4_cost_mm,q4_fair_value_mm,q4_fv_to_cost,q4_markdown_amount_mm,q4_markdown_pct,q4_markdown_event_level,q1_report_period,q1_par_or_principal_mm,q1_cost_mm,q1_fair_value_mm,q1_fv_to_cost,q1_markdown_amount_mm,q1_markdown_pct,q1_markdown_event_level,qoq_fv_to_cost_change,qoq_markdown_event,q4_source_file,q4_source_page,q1_source_file,q1_source_page,q4_source_detail,q1_source_detail,sample_note
Ares Capital Corporation,ARCC,bamboo purchaser,"Bamboo Purchaser, Inc.","Provider of nursery, garden, and greenhouse products",first lien borrower aggregate,$mm,2025-12-31,19.5,7.4,7.0,0.9459459459459459,-0.40000000000000036,-0.0540540540540541,0,2026-03-31,21.2,8.2,3.9,0.475609756097561,-4.299999999999999,-0.5243902439024389,1,-0.47033618984838493,1,ARCC 2026 Q1 Form 10-Q; accession 0001628280-26-027688; primary document arcc-20260331.htm,"Dec. 31, 2025 comparative Schedule of Investments in ARCC 2026 Q1 filing",ARCC 2026 Q1 Form 10-Q; accession 0001628280-26-027688; primary document arcc-20260331.htm,"Mar. 31, 2026 Schedule of Investments in ARCC 2026 Q1 filing","Dec. 31, 2025 comparative Schedule of Investments; Bamboo first-lien rows aggregated: principal 4.1 + 15.4 = 19.5; cost 4.1 + 3.3 = 7.4; fair value 4.1 + 2.9 = 7.0.","Mar. 31, 2026 Schedule of Investments; Bamboo first-lien row: principal 21.2; cost 8.2; fair value 3.9.",Clear ARCC Q1 markdown case; Q4 first-lien rows are aggregated to match Q1 borrower-level first-lien row.
Ares Capital Corporation,ARCC,sig parent holdings,"SIG Parent Holdings, LLC",Independent insurance brokerage,first lien,$mm,2025-12-31,19.1,19.1,19.1,1.0,0.0,0.0,0,2026-03-31,19.0,19.0,19.0,1.0,0.0,0.0,0,0.0,0,ARCC 2026 Q1 Form 10-Q; accession 0001628280-26-027688; primary document arcc-20260331.htm,"Dec. 31, 2025 comparative Schedule of Investments in ARCC 2026 Q1 filing",ARCC 2026 Q1 Form 10-Q; accession 0001628280-26-027688; primary document arcc-20260331.htm,"Mar. 31, 2026 Schedule of Investments in ARCC 2026 Q1 filing","Dec. 31, 2025 comparative Schedule of Investments; SIG Parent Holdings first-lien row: principal 19.1; cost 19.1; fair value 19.1.","Mar. 31, 2026 Schedule of Investments; SIG Parent Holdings first-lien row: principal 19.0; cost 19.0; fair value 19.0.",Clean normal comparator.
Ares Capital Corporation,ARCC,anaplan,"Anaplan, Inc.",Provider of cloud-based connected planning platforms,first lien,$mm,2025-12-31,5.8,5.8,5.8,1.0,0.0,0.0,0,2026-03-31,5.8,5.8,5.7,0.9827586206896552,-0.09999999999999964,-0.01724137931034477,0,-0.01724137931034475,0,ARCC 2026 Q1 Form 10-Q; accession 0001628280-26-027688; primary document arcc-20260331.htm,"Dec. 31, 2025 comparative Schedule of Investments in ARCC 2026 Q1 filing",ARCC 2026 Q1 Form 10-Q; accession 0001628280-26-027688; primary document arcc-20260331.htm,"Mar. 31, 2026 Schedule of Investments in ARCC 2026 Q1 filing","Dec. 31, 2025 comparative Schedule of Investments; Anaplan first-lien row: principal 5.8; cost 5.8; fair value 5.8.","Mar. 31, 2026 Schedule of Investments; Anaplan first-lien row: principal 5.8; cost 5.8; fair value 5.7.",Clean first-lien replacement row.
Ares Capital Corporation,ARCC,athenahealth group minerva holdco bcpe co-invest,"AthenaHealth Group Inc., Minerva Holdco, Inc. and BCPE Co-Invest (A), LP",Revenue cycle management provider to physician practices and acute care hospitals,first lien only,$mm,2025-12-31,0.1,0.1,0.1,1.0,0.0,0.0,0,2026-03-31,0.1,0.1,0.1,1.0,0.0,0.0,0,0.0,0,ARCC 2026 Q1 Form 10-Q; accession 0001628280-26-027688; primary document arcc-20260331.htm,"Dec. 31, 2025 comparative Schedule of Investments in ARCC 2026 Q1 filing",ARCC 2026 Q1 Form 10-Q; accession 0001628280-26-027688; primary document arcc-20260331.htm,"Mar. 31, 2026 Schedule of Investments in ARCC 2026 Q1 filing","Dec. 31, 2025 comparative Schedule of Investments; AthenaHealth/Minerva/BCPE first-lien row only: principal 0.1; cost 0.1; fair value 0.1; preferred/equity rows excluded.","Mar. 31, 2026 Schedule of Investments; AthenaHealth/Minerva/BCPE first-lien row only: principal 0.1; cost 0.1; fair value 0.1; preferred/equity rows excluded.",Small row; rounded one-decimal amounts make ratio interpretation cautious.
Ares Capital Corporation,ARCC,auctane,"Auctane, Inc.",Provider of mailing and shipping solutions,first lien,$mm,2025-12-31,143.4,143.4,143.4,1.0,0.0,0.0,0,2026-03-31,143.4,143.4,143.4,1.0,0.0,0.0,0,0.0,0,ARCC 2026 Q1 Form 10-Q; accession 0001628280-26-027688; primary document arcc-20260331.htm,"Dec. 31, 2025 comparative Schedule of Investments in ARCC 2026 Q1 filing",ARCC 2026 Q1 Form 10-Q; accession 0001628280-26-027688; primary document arcc-20260331.htm,"Mar. 31, 2026 Schedule of Investments in ARCC 2026 Q1 filing","Dec. 31, 2025 comparative Schedule of Investments; Auctane first-lien row: principal 143.4; cost 143.4; fair value 143.4.","Mar. 31, 2026 Schedule of Investments; Auctane first-lien row: principal 143.4; cost 143.4; fair value 143.4.",Clean first-lien replacement row.
Blackstone Secured Lending Fund,BXSL,mode purchaser,"Mode Purchaser, Inc.",Air Freight & Logistics,first lien borrower aggregate (two loan rows),$mm,2025-12-31,142.114,141.696,129.323,0.9126792570009034,-12.37299999999999,-0.08732074299909659,0,2026-03-31,142.114,141.785,127.192,0.8970765595796452,-14.593000000000004,-0.10292344042035478,1,-0.015602697421258194,0,BXSL 2026 Q1 Form 10-Q; accession 0001736035-26-000010; uploaded PDF f0cb87a2-e0bd-4243-85e1-5816094738a1.pdf,"PDF page 54; Dec. 31, 2025 schedule; two Mode Purchaser rows",BXSL 2026 Q1 Form 10-Q; accession 0001736035-26-000010; uploaded PDF f0cb87a2-e0bd-4243-85e1-5816094738a1.pdf,"PDF page 11; Mar. 31, 2026 schedule; two Mode Purchaser rows",Q4 cost/fair value: 137.787 + 3.909 / 125.734 + 3.589,Q1 cost/fair value: 137.873 + 3.912 / 123.662 + 3.530,Aggregated two same-borrower first-lien rows to keep borrower-level observation clean.
Blackstone Secured Lending Fund,BXSL,windows acquisition holdings,"Windows Acquisition Holdings, Inc.",Building Products,first lien single row,$mm,2025-12-31,52.75,52.587,43.387,0.8250518188906003,-9.200000000000003,-0.1749481811093997,1,2026-03-31,52.75,52.627,41.145,0.7818230186026185,-11.482,-0.21817698139738154,1,-0.04322880028798182,0,BXSL 2026 Q1 Form 10-Q; accession 0001736035-26-000010; uploaded PDF f0cb87a2-e0bd-4243-85e1-5816094738a1.pdf,"PDF page 55; Dec. 31, 2025 schedule",BXSL 2026 Q1 Form 10-Q; accession 0001736035-26-000010; uploaded PDF f0cb87a2-e0bd-4243-85e1-5816094738a1.pdf,"PDF page 12; Mar. 31, 2026 schedule",,,Clear below-par first-lien row with modest additional QoQ decline.
Blackstone Secured Lending Fund,BXSL,aci group holdings,"ACI Group Holdings, Inc.",Health Care Providers & Services,first lien borrower aggregate (two loan rows),$mm,2025-12-31,144.554,143.421,115.62,0.8061580940029703,-27.800999999999988,-0.19384190599702966,1,2026-03-31,145.635,143.533,101.546,0.7074749360774178,-41.98699999999998,-0.29252506392258215,1,-0.09868315792555249,1,BXSL 2026 Q1 Form 10-Q; accession 0001736035-26-000010; uploaded PDF f0cb87a2-e0bd-4243-85e1-5816094738a1.pdf,"PDF page 60; Dec. 31, 2025 schedule; two ACI rows",BXSL 2026 Q1 Form 10-Q; accession 0001736035-26-000010; uploaded PDF f0cb87a2-e0bd-4243-85e1-5816094738a1.pdf,"PDF page 18; Mar. 31, 2026 schedule; two ACI rows",Q4 cost/fair value: 132.031 + 11.390 / 106.482 + 9.138,Q1 cost/fair value: 132.134 + 11.399 / 93.594 + 7.952,Aggregated two same-borrower first-lien rows; this is a clear QoQ markdown case.
Blackstone Secured Lending Fund,BXSL,cambium learning group,"Cambium Learning Group, Inc.",Diversified Consumer Services,first lien single row,$mm,2025-12-31,283.227,282.196,275.439,0.9760556492650498,-6.757000000000005,-0.02394435073495019,0,2026-03-31,282.488,281.559,274.013,0.9731992228982201,-7.546000000000049,-0.026800777101779905,0,-0.0028564263668297007,0,BXSL 2026 Q1 Form 10-Q; accession 0001736035-26-000010; uploaded PDF f0cb87a2-e0bd-4243-85e1-5816094738a1.pdf,"PDF page 58; Dec. 31, 2025 schedule",BXSL 2026 Q1 Form 10-Q; accession 0001736035-26-000010; uploaded PDF f0cb87a2-e0bd-4243-85e1-5816094738a1.pdf,"PDF page 15; Mar. 31, 2026 schedule",,,Large single first-lien row; useful normal/slightly-below-par comparator.
Blackstone Secured Lending Fund,BXSL,snoopy bidco,"Snoopy Bidco, Inc.",Health Care Providers & Services,first lien single row with PIK component,$mm,2025-12-31,354.71,352.39,339.635,0.963804307727234,-12.754999999999995,-0.03619569227276596,0,2026-03-31,359.588,357.504,338.012,0.9454775331185105,-19.49200000000002,-0.054522466881489484,0,-0.01832677460872356,0,BXSL 2026 Q1 Form 10-Q; accession 0001736035-26-000010; uploaded PDF f0cb87a2-e0bd-4243-85e1-5816094738a1.pdf,"PDF page 61; Dec. 31, 2025 schedule",BXSL 2026 Q1 Form 10-Q; accession 0001736035-26-000010; uploaded PDF f0cb87a2-e0bd-4243-85e1-5816094738a1.pdf,"PDF page 19; Mar. 31, 2026 schedule",,,Large PIK first-lien row; useful for later public-signal comparison.
Blue Owl Capital Corporation,OBDC,applied composites holdings,"Applied Composites Holdings, LLC",Aerospace and defense,first lien single row,$mm,2025-12-31,42.51,33.546,21.467,0.639927264055327,-12.079,-0.36007273594467304,1,2026-03-31,42.913,35.739,24.031,0.6724026973334453,-11.707999999999998,-0.32759730266655473,1,0.032475433278118304,0,OBDC 2026 Q1 Form 10-Q; accession 0001655888-26-000033; uploaded PDF 0001655888-26-000033.pdf,"PDF page 43; Dec. 31, 2025 schedule",OBDC 2026 Q1 Form 10-Q; accession 0001655888-26-000033; uploaded PDF 0001655888-26-000033.pdf,"PDF page 10; Mar. 31, 2026 schedule",,,Clear marked loan; ratio improves slightly QoQ but remains below 0.90.
Blue Owl Capital Corporation,OBDC,national dentex labs barracuda dental,National Dentex Labs LLC (fka Barracuda Dental LLC),Healthcare providers and services,first lien borrower aggregate,$mm,2025-12-31,176.229,151.418,78.336,0.5173493243867968,-73.08200000000001,-0.48265067561320324,1,2026-03-31,195.002,162.93,74.109,0.45485177683667827,-88.82100000000001,-0.5451482231633217,1,-0.06249754755011855,1,OBDC 2026 Q1 Form 10-Q; accession 0001655888-26-000033; uploaded PDF 0001655888-26-000033.pdf,"PDF page 48; Dec. 31, 2025 schedule; four National Dentex rows",OBDC 2026 Q1 Form 10-Q; accession 0001655888-26-000033; uploaded PDF 0001655888-26-000033.pdf,"PDF page 15; Mar. 31, 2026 schedule; three National Dentex rows",Q4 cost/fair value: 129.794 + 14.248 + 7.376 + 0.000 / 57.581 + 8.760 + 7.470 + 4.207 + 0.318; cost-dash row treated as 0 cost.,Q1 cost/fair value: 138.535 + 14.248 + 10.147 / 61.908 + 8.069 + 4.132,Aggregated first-lien borrower rows; severe below-par valuation with further QoQ decline.
Blue Owl Capital Corporation,OBDC,feradyne outdoors,"Feradyne Outdoors, LLC",Consumer products,first lien single row,$mm,2025-12-31,80.768,78.196,54.518,0.697196787559466,-23.677999999999997,-0.30280321244053404,1,2026-03-31,82.903,78.196,50.571,0.6467210599007622,-27.625,-0.3532789400992378,1,-0.050475727658703784,1,OBDC 2026 Q1 Form 10-Q; accession 0001655888-26-000033; uploaded PDF 0001655888-26-000033.pdf,"PDF page 44; Dec. 31, 2025 schedule",OBDC 2026 Q1 Form 10-Q; accession 0001655888-26-000033; uploaded PDF 0001655888-26-000033.pdf,"PDF page 11; Mar. 31, 2026 schedule",,,Clear below-par first-lien row with additional QoQ decline.
Blue Owl Capital Corporation,OBDC,conair holdings,Conair Holdings LLC,Consumer products,first lien only,$mm,2025-12-31,12.409,11.383,6.36,0.5587279276113504,-5.022999999999999,-0.4412720723886497,1,2026-03-31,12.376,11.45,8.61,0.7519650655021834,-2.84,-0.2480349344978166,1,0.19323713789083308,0,OBDC 2026 Q1 Form 10-Q; accession 0001655888-26-000033; uploaded PDF 0001655888-26-000033.pdf,"PDF page 44; Dec. 31, 2025 schedule; first-lien row only",OBDC 2026 Q1 Form 10-Q; accession 0001655888-26-000033; uploaded PDF 0001655888-26-000033.pdf,"PDF page 11; Mar. 31, 2026 schedule; first-lien row only",,,Only the first-lien row is used; second-lien row excluded to keep facility type consistent.
Blue Owl Capital Corporation,OBDC,inovalon holdings,"Inovalon Holdings, Inc.",Healthcare technology,first lien only,$mm,2025-12-31,153.346,153.16,150.279,0.9811896056411595,-2.8810000000000002,-0.01881039435884043,0,2026-03-31,154.424,154.253,148.633,0.9635663487906233,-5.619999999999976,-0.03643365120937665,0,-0.01762325685053623,0,OBDC 2026 Q1 Form 10-Q; accession 0001655888-26-000033; uploaded PDF 0001655888-26-000033.pdf,"PDF page 49; Dec. 31, 2025 schedule; first-lien row only",OBDC 2026 Q1 Form 10-Q; accession 0001655888-26-000033; uploaded PDF 0001655888-26-000033.pdf,"PDF page 17; Mar. 31, 2026 schedule; first-lien row only",,,Only first-lien row is used; second-lien row excluded to keep facility type consistent.
